Type,Name,Request Count,Failure Count,Median Response Time,Average Response Time,Min Response Time,Max Response Time,Average Content Size,Requests/s,Failures/s,50%,66%,75%,80%,90%,95%,98%,99%,99.9%,99.99%,100%
POST,/v1/chat/completions [law_qa],57,0,6600,5933.841384685876,2538.0527451634407,6750.873357057571,1741.9122807017543,0.9719701907325499,0.0,6600,6600,6600,6600,6700,6700,6700,6800,6800,6800,6800
POST,/v1/chat/completions [short_qa],26,0,3300,3333.4466966872033,3098.710313439369,3490.650348365307,1215.5,0.44335482384291747,0.0,3300,3300,3300,3300,3500,3500,3500,3500,3500,3500,3500
,Aggregated,83,0,5700,5119.259916156171,2538.0527451634407,6750.873357057571,1577.012048192771,1.4153250145754672,0.0,5700,6600,6600,6600,6600,6700,6700,6800,6800,6800,6800
