Type,Name,Request Count,Failure Count,Median Response Time,Average Response Time,Min Response Time,Max Response Time,Average Content Size,Requests/s,Failures/s,50%,66%,75%,80%,90%,95%,98%,99%,99.9%,99.99%,100%
POST,/v1/chat/completions [law_qa],105,0,7000,6212.248839650835,3189.4668117165565,7093.657158315182,1714.3714285714286,1.775124529037815,0.0,7000,7000,7000,7100,7100,7100,7100,7100,7100,7100,7100
POST,/v1/chat/completions [short_qa],50,0,3500,3481.4326000213623,2783.145621418953,3606.2069311738014,1208.78,0.845297394779912,0.0,3500,3600,3600,3600,3600,3600,3600,3600,3600,3600,3600
,Aggregated,155,0,5600,5331.340375254231,2783.145621418953,7093.657158315182,1551.2774193548387,2.620421923817727,0.0,5600,7000,7000,7000,7100,7100,7100,7100,7100,7100,7100
