Type,Name,Request Count,Failure Count,Median Response Time,Average Response Time,Min Response Time,Max Response Time,Average Content Size,Requests/s,Failures/s,50%,66%,75%,80%,90%,95%,98%,99%,99.9%,99.99%,100%
POST,/v1/chat/completions [law_qa],114,0,6200,5792.942295667895,2867.7549809217453,6714.172050356865,1719.359649122807,0.9591775035805917,0.0,6300,6600,6600,6600,6600,6600,6700,6700,6700,6700,6700
POST,/v1/chat/completions [short_qa],49,0,3300,3268.6247509353016,2524.3063047528267,3382.5801834464073,1203.3265306122448,0.41227804978464033,0.0,3300,3300,3300,3400,3400,3400,3400,3400,3400,3400,3400
,Aggregated,163,0,5400,5034.098371177729,2524.3063047528267,6714.172050356865,1564.2331288343557,1.3714555533652322,0.0,5400,6300,6600,6600,6600,6600,6700,6700,6700,6700,6700
