Type,Name,Request Count,Failure Count,Median Response Time,Average Response Time,Min Response Time,Max Response Time,Average Content Size,Requests/s,Failures/s,50%,66%,75%,80%,90%,95%,98%,99%,99.9%,99.99%,100%
POST,/v1/chat/completions [law_qa],36,0,5700,5306.866576274236,3279.2301699519157,6438.268817961216,1657.4722222222222,0.6210460774942237,0.0,5900,6300,6400,6400,6400,6400,6400,6400,6400,6400,6400
POST,/v1/chat/completions [short_qa],6,0,3200,3162.8159446020923,3034.8320826888084,3205.033600330353,1207.0,0.10350767958237062,0.0,3200,3200,3200,3200,3200,3200,3200,3200,3200,3200,3200
,Aggregated,42,0,5200,5000.573628892501,3034.8320826888084,6438.268817961216,1593.1190476190477,0.7245537570765943,0.0,5400,6100,6300,6400,6400,6400,6400,6400,6400,6400,6400
