{
  "A（按条款）": {
    "precision_at_k": 1.0,
    "noise_rate": 0.16666666666666666
  },
  "B（固定200字）": {
    "precision_at_k": 0.8333333333333334,
    "noise_rate": 0.16666666666666666
  },
  "C（递归语义）": {
    "precision_at_k": 1.0,
    "noise_rate": 0.16666666666666666
  }
}